business_name,country,metro_seed,niche,public_email,website,phone_from_osm,address_from_osm,why_this_is_a_fit,suggested_offer_angle,source,osm_type,osm_id,outreach_status,last_contacted,gmail_message_id,gmail_thread_id,outreach_notes
Jac Electric Inc,Canada,Toronto,Electrical contractor,Jacelect@yahoo.ca,https://jacelectricinc.ca/,+1 647-880-1537,"5956, Brookhaven Way, Mississauga, ON, L5V 2T9","Estimating, bid packages, RFIs/addenda, service-call intake, job photos, quote follow-up, and dispatch handoffs are repetitive but high-stakes.","Bid/spec review and service-call intake workflow: RFIs, exclusions, addenda, quote follow-up, and job-status tracking.",OpenStreetMap / Overpass API public email business tags,node,13347445578,sent,2026-06-22,19ef1e0380ef6392,19ef1ba30d432b7c,factual_review_passed; sent_via_gmail; included_website_and_cal_link
John The Plumber,Canada,Toronto,Plumbing contractor,john@johntheplumber.ca,https://johntheplumber.ca/oakville/,+1 289-644-3856,"2020, Winston Park Drive, Oakville, ON, L6H 6X7","Missed calls, quote intake, dispatch status, job photos, invoice follow-up, and maintenance reminders are practical AI/workflow automation entry points.",Missed-call/quote intake and dispatch workflow with follow-up reminders and job-photo/admin capture.,OpenStreetMap / Overpass API public email business tags,node,7772320651,sent,2026-06-22,19ef1e0475709c71,19ef1ba498c2dccd,factual_review_passed; sent_via_gmail; included_website_and_cal_link
AquaLux Drain and Plumbing,Canada,Toronto,Plumbing contractor,info@aqualuxdp.ca,https://aqualuxdp.ca/,+1 416 951 0777,"380, Janene Court, Mississauga, Ontario, L5A 3Z3","Missed calls, quote intake, dispatch status, job photos, invoice follow-up, and maintenance reminders are practical AI/workflow automation entry points.",Missed-call/quote intake and dispatch workflow with follow-up reminders and job-photo/admin capture.,OpenStreetMap / Overpass API public email business tags,node,9083330290,bounced,2026-06-22,19ef1e05b8bf10f5,19ef1ba65593cdb3,bounced; dns_mx_host_resolution_failure; sent_via_gmail; included_website_and_cal_link
Premium Plumbers,Canada,Toronto,Plumbing contractor,info@premiumplumbers.ca,https://premiumplumbers.ca/,+1-905-717-1126,"19, Hollywood Hill Circle, Woodbridge, ON, L4H 2P5","Missed calls, quote intake, dispatch status, job photos, invoice follow-up, and maintenance reminders are practical AI/workflow automation entry points.",Missed-call/quote intake and dispatch workflow with follow-up reminders and job-photo/admin capture.,OpenStreetMap / Overpass API public email business tags,node,10275701246,sent,2026-06-22,19ef1e06982b9b3a,19ef1ba7cc0b2268,factual_review_passed; sent_via_gmail; included_website_and_cal_link
Lisi Services,Canada,Toronto,Plumbing contractor,hello@lisiservices.com,https://www.lisiservices.com/,+1 877-321-5474,"111a, Zenway Boulevard, Vaughan, Ontario, L4H 3H9","Missed calls, quote intake, dispatch status, job photos, invoice follow-up, and maintenance reminders are practical AI/workflow automation entry points.",Missed-call/quote intake and dispatch workflow with follow-up reminders and job-photo/admin capture.,OpenStreetMap / Overpass API public email business tags,node,13747304062,sent,2026-06-22,19ef1e0786625f4c,19ef1ba96f5734d9,factual_review_passed; sent_via_gmail; included_website_and_cal_link
JRG Mechanical,Canada,Toronto,HVAC contractor,jrgmechanical@yahoo.com,https://jrgmechanical.ca/,+1-416-568-3531,"715, Fenmar Drive, Toronto, M9L 1C8","Seasonal demand, service scheduling, quote follow-up, maintenance reminders, warranty/admin forms, and technician handoffs create measurable automation opportunities.","Seasonal lead intake, maintenance reminder, quote follow-up, and technician handoff automation.",OpenStreetMap / Overpass API public email business tags,node,5329369366,sent,2026-06-22,19ef1e0863c0ec0f,19ef1bab09301e93,factual_review_passed; sent_via_gmail; included_website_and_cal_link
City Energy Heating & Air Conditioning,Canada,Toronto,HVAC contractor,info@city-energy.ca,https://www.city-energy.ca,+1-647-830-0083,"7165, Yonge Street, Markham, ON, L3T 0C9","Seasonal demand, service scheduling, quote follow-up, maintenance reminders, warranty/admin forms, and technician handoffs create measurable automation opportunities.","Seasonal lead intake, maintenance reminder, quote follow-up, and technician handoff automation.",OpenStreetMap / Overpass API public email business tags,node,10082930294,sent,2026-06-22,19ef1e0935dbcbb5,19ef1bacc168b195,factual_review_passed; sent_via_gmail; included_website_and_cal_link
Seasonal Home Comfort,Canada,Toronto,HVAC contractor,info@seasonalhomecomfort.ca,http://seasonalhomecomfort.ca,+1-416-937-5620,"3150, Ridgeway Drive, Toronto, L5L 5Y3","Seasonal demand, service scheduling, quote follow-up, maintenance reminders, warranty/admin forms, and technician handoffs create measurable automation opportunities.","Seasonal lead intake, maintenance reminder, quote follow-up, and technician handoff automation.",OpenStreetMap / Overpass API public email business tags,node,10184252645,sent,2026-06-22,19ef1e0a0869beae,19ef1bae56aa526f,factual_review_passed; sent_via_gmail; included_website_and_cal_link
HVAC-Group Mississauga,Canada,Toronto,HVAC contractor,Info@hvac-group.com,https://hvac-group.com/city/mississauga/,+1-416-807-2752,"1767, Branchwood Park, Mississauga, ON, L4W 2E5","Seasonal demand, service scheduling, quote follow-up, maintenance reminders, warranty/admin forms, and technician handoffs create measurable automation opportunities.","Seasonal lead intake, maintenance reminder, quote follow-up, and technician handoff automation.",OpenStreetMap / Overpass API public email business tags,node,13234239600,sent,2026-06-22,19ef1e0ad1f6c7aa,19ef1bafcb188e14,listing_only_factual_claim; sent_via_gmail; included_website_and_cal_link
Limcan Certified Heating and Air Conditioning,Canada,Toronto,HVAC contractor,info@limcancertified.ca,https://www.limcancertified.ca/,+1-905-427-2577,"105, Consumers Drive, Whitby, Ontario, L1N 2C2","Seasonal demand, service scheduling, quote follow-up, maintenance reminders, warranty/admin forms, and technician handoffs create measurable automation opportunities.","Seasonal lead intake, maintenance reminder, quote follow-up, and technician handoff automation.",OpenStreetMap / Overpass API public email business tags,node,13335107365,sent,2026-06-22,19ef1e0bb36951a7,19ef1bb16f07b592,factual_review_passed; sent_via_gmail; included_website_and_cal_link
AtlasCare Heating & Cooling,Canada,Toronto,HVAC contractor,info@atlascare.ca,https://www.atlascare.ca/,+1-647-905-0482,"2751, Coventry Road, Oakville, Ontario, L6H 5V9","Seasonal demand, service scheduling, quote follow-up, maintenance reminders, warranty/admin forms, and technician handoffs create measurable automation opportunities.","Seasonal lead intake, maintenance reminder, quote follow-up, and technician handoff automation.",OpenStreetMap / Overpass API public email business tags,node,13357583903,sent,2026-06-25,19efeae7ea6eb87f,19efe9b191778a3f,draft_review_passed; sent_via_gmail; included_website_and_cal_link
Mersey Heating and Air Conditioning,Canada,Toronto,HVAC contractor,info@merseyheating.ca,https://www.merseyheating.ca/,+1-416-752-8351,"1960, Ellesmere Road, Scarborough, Ontario, M1P 3C2","Seasonal demand, service scheduling, quote follow-up, maintenance reminders, warranty/admin forms, and technician handoffs create measurable automation opportunities.","Seasonal lead intake, maintenance reminder, quote follow-up, and technician handoff automation.",OpenStreetMap / Overpass API public email business tags,node,13456683242,sent,2026-06-25,19efeae8a7cdb7eb,19efe9b394f59581,draft_review_passed; sent_via_gmail; included_website_and_cal_link
Thermocool Mechanical,Canada,Toronto,HVAC contractor,service@thermocoolmech.com,https://thermocoolmech.com/,+1-905-264-8099,"15, Airview Road, Etobicoke, ON, M9W 4P1","Seasonal demand, service scheduling, quote follow-up, maintenance reminders, warranty/admin forms, and technician handoffs create measurable automation opportunities.","Seasonal lead intake, maintenance reminder, quote follow-up, and technician handoff automation.",OpenStreetMap / Overpass API public email business tags,way,58854899,sent,2026-06-23,19ef5b202078f504,19ef5a2e9d26f28a,factual_review_passed; sent_via_gmail; included_website_and_cal_link
Detail Roofing,Canada,Toronto,Roofing contractor,detail@detailroof.ca,https://detailroof.ca/,+1-905-230-2969,"5700, Timberlea Boulevard, Mississauga, L4W 5B9","Lead intake, inspection photos, estimate follow-up, insurance paperwork, crew scheduling, and bid/package review are manual and deadline-sensitive.","Inspection-photo, estimate follow-up, insurance-document, and crew scheduling automation; optional bid/package review.",OpenStreetMap / Overpass API public email business tags,node,5204506085,sent,2026-06-25,19efeae9d5008b89,19efe9b590af98b2,draft_review_passed; sent_via_gmail; included_website_and_cal_link
Principal Roofing,Canada,Toronto,Roofing contractor,clientcare@principalroofing.ca,https://principalroofing.ca/,+1 289-552-6774,"16, Industrial Parkway South, Aurora, ON, L4G 0R4","Lead intake, inspection photos, estimate follow-up, insurance paperwork, crew scheduling, and bid/package review are manual and deadline-sensitive.","Inspection-photo, estimate follow-up, insurance-document, and crew scheduling automation; optional bid/package review.",OpenStreetMap / Overpass API public email business tags,node,11648741221,sent,2026-06-23,19ef5b1d7c9e54bf,19ef5a289f48b216,factual_review_passed; sent_via_gmail; included_website_and_cal_link
Can-Sky Roofing & Sheet Metal Incorporated,Canada,Toronto,Roofing contractor,info@canskyroofing.com,https://www.canskyroofing.com/,+1-416-763-5131,"26, Taber Road, Etobicoke, ON, M9W 3A5","Lead intake, inspection photos, estimate follow-up, insurance paperwork, crew scheduling, and bid/package review are manual and deadline-sensitive.","Inspection-photo, estimate follow-up, insurance-document, and crew scheduling automation; optional bid/package review.",OpenStreetMap / Overpass API public email business tags,way,32540010,sent,2026-06-23,19ef5b1f04f84fe0,19ef5a2c72b5717e,factual_review_passed; sent_via_gmail; included_website_and_cal_link
Dominion Roofing,Canada,Toronto,Roofing contractor,info@dominionroofing.com,https://www.dominionroofing.com/,+1 416-789-0601,"113, Cartwright Avenue, North York, ON, M6A 1V4","Lead intake, inspection photos, estimate follow-up, insurance paperwork, crew scheduling, and bid/package review are manual and deadline-sensitive.","Inspection-photo, estimate follow-up, insurance-document, and crew scheduling automation; optional bid/package review.",OpenStreetMap / Overpass API public email business tags,way,32556500,sent,2026-06-25,19efeaeaa9b50082,19efe9b76d0a3ade,draft_review_passed; sent_via_gmail; included_website_and_cal_link
Ollie's Roofing Ltd.,Canada,Toronto,Roofing contractor,sandy@olliesroofing.com,https://www.olliesroofing.com/,+1 905-876-1843,"591B, McGeachie Drive, Milton, ON, L9T 3L5","Lead intake, inspection photos, estimate follow-up, insurance paperwork, crew scheduling, and bid/package review are manual and deadline-sensitive.","Inspection-photo, estimate follow-up, insurance-document, and crew scheduling automation; optional bid/package review.",OpenStreetMap / Overpass API public email business tags,way,67594284,sent,2026-06-25,19efeaeb91884e90,19efe9b92b0fd56f,draft_review_passed; sent_via_gmail; included_website_and_cal_link
Gibson Greenwood,Canada,Toronto,Carpentry / finish contractor,hello@gibsongreenwood.com,https://www.gibsongreenwood.com,+1-416-531-0681,"80, Ward Street, Toronto, Ontario, M6H 4A6","Quote requests, scope clarification, vendor/material tracking, job-photo documentation, and client follow-up are often spreadsheet/email-driven.","Quote request triage, scope clarification, material/vendor follow-up, and client update workflow.",OpenStreetMap / Overpass API public email business tags,node,13284187160,sent,2026-06-25,19efeaec7011c25c,19efe9ba95834887,draft_review_passed; sent_via_gmail; included_website_and_cal_link
Konstruction Group Inc.,Canada,Toronto,Carpentry / finish contractor,info@konstruction.ca,https://konstruction.ca,+1-416-901-6020,"1315, Lawrence Avenue East, Toronto, ON, M3A 3R3","Quote requests, scope clarification, vendor/material tracking, job-photo documentation, and client follow-up are often spreadsheet/email-driven.","Quote request triage, scope clarification, material/vendor follow-up, and client update workflow.",OpenStreetMap / Overpass API public email business tags,node,13703569606,sent,2026-06-25,19efeaedd590a5fe,19efe9bcc1df7c43,draft_review_passed; sent_via_gmail; included_website_and_cal_link
Ecopainting Inc,Canada,Toronto,Painting contractor,contact@ecopainting.ca,https://ecopainting.ca/,+1-416-733-7767,"1200, Markham Road, Toronto, ON, M1H 3C3","Estimate follow-up, job scheduling, client reminders, color/spec notes, and invoice follow-up are straightforward small-business automations.","Estimate follow-up, scheduling, client reminder, and invoice follow-up workflow.",OpenStreetMap / Overpass API public email business tags,node,9550027723,sent,2026-06-25,19efeaee98b1f81e,19efe9be576df7ca,draft_review_passed; sent_via_gmail; included_website_and_cal_link
Better Choice Painters,Canada,Toronto,Painting contractor,info@betterchoicepainters.ca,https://www.betterchoicepainters.ca/,+1-647-559-2900,"68, Lakeridge Drive, Scarborough, Ontario, M1C 5E2","Estimate follow-up, job scheduling, client reminders, color/spec notes, and invoice follow-up are straightforward small-business automations.","Estimate follow-up, scheduling, client reminder, and invoice follow-up workflow.",OpenStreetMap / Overpass API public email business tags,node,13670573943,sent,2026-06-25,19efeaef7c8105db,19efe9bfd31a1367,draft_review_passed; sent_via_gmail; included_website_and_cal_link
The Exterminators Inc. Pest Control Toronto,Canada,Toronto,Landscaping contractor,contact@theexterminators.ca,https://www.theexterminators.ca,+1-647-496-2211,"740, Broadview Avenue, Toronto, ON, M4K 2P1","Recurring maintenance schedules, quote follow-up, route/crew coordination, seasonal reminders, and customer messages are likely under-systematized.","Recurring service schedule, quote follow-up, crew route/status, and seasonal reminder workflow.",OpenStreetMap / Overpass API public email business tags,node,7632836816,sent,2026-06-25,19efeaf08f9975ad,19efe9c1bf667899,category_corrected_to_pest_control; draft_review_passed; sent_via_gmail; included_website_and_cal_link
Lawn Troopers,Canada,Toronto,Landscaping contractor,info@lawntroopers.com,https://lawntroopers.com/,+1 416-320-8491,"101, Kenpark Avenue, Brampton, ON, L6Z 3K5","Recurring maintenance schedules, quote follow-up, route/crew coordination, seasonal reminders, and customer messages are likely under-systematized.","Recurring service schedule, quote follow-up, crew route/status, and seasonal reminder workflow.",OpenStreetMap / Overpass API public email business tags,node,8414840396,sent,2026-06-25,19efeaf16970f8b8,19efe9c32407b451,draft_review_passed; sent_via_gmail; included_website_and_cal_link
FTR Contracting,Canada,Toronto,Builder / general contractor,ftrcontractings@gmail.com,https://tradersolutionbusiness.com/profilepage/location/c73e3203-cce9-433b-bdf3-078e4ae54372/ftr-contracting,+1-647-406-2226,"7, Hayfield Crescent, Richmond Hill, L4E 0A3","Bid invites, subcontractor follow-up, RFIs, change orders, owner updates, and document tracking are direct fits for AI-assisted workflow review.","Subcontractor bid invite tracking, RFI/change-order log, owner update, and document-review workflow.",OpenStreetMap / Overpass API public email business tags,node,5362289125,sent,2026-06-25,19efeaf238acfae7,19efe9c532e2a8f5,draft_review_passed; sent_via_gmail; included_website_and_cal_link
Boonstra Heating and Air Conditioning,Canada,Hamilton,HVAC contractor,info@boonstraright-time.ca,https://www.boonstraright-time.ca/,+1-289-348-1593,"120, Nebo Rd, Hamilton, Ontario, L8W 2E4","Seasonal demand, service scheduling, quote follow-up, maintenance reminders, warranty/admin forms, and technician handoffs create measurable automation opportunities.","Seasonal lead intake, maintenance reminder, quote follow-up, and technician handoff automation.",OpenStreetMap / Overpass API public email business tags,node,13325753696,sent,2026-06-25,19efeaf31af26129,19efe9c718ef685e,draft_review_passed; sent_via_gmail; included_website_and_cal_link
Russell Painting & Finishing,Canada,Hamilton,Painting contractor,dylan@russellpainting.ca,https://www.russellpainting.ca/,+1 905 902 0897,"23, Valridge Court, Ancaster, Ontario, L9G 4Y5","Estimate follow-up, job scheduling, client reminders, color/spec notes, and invoice follow-up are straightforward small-business automations.","Estimate follow-up, scheduling, client reminder, and invoice follow-up workflow.",OpenStreetMap / Overpass API public email business tags,node,12691952522,sent,2026-06-25,19efeaf3f6dc5adc,19efe9c88ba0dcdb,draft_review_passed; sent_via_gmail; included_website_and_cal_link
Maple Hill Tree Services,Canada,Hamilton,Landscaping contractor,contactus@maplehilltree.com,https://maplehilltree.com/,+1 905-824-2100,"1220, Heritage Road, Burlington, ON, L7L4X9","Recurring maintenance schedules, quote follow-up, route/crew coordination, seasonal reminders, and customer messages are likely under-systematized.","Recurring service schedule, quote follow-up, crew route/status, and seasonal reminder workflow.",OpenStreetMap / Overpass API public email business tags,node,8923654084,sent,2026-06-25,19efeaf54dea42ed,19efe9c9f9493219,draft_review_passed; sent_via_gmail; included_website_and_cal_link
Pentech Plumbing & Mechanical LTD.,Canada,Ottawa,Plumbing contractor,info@pentechplumbing.com,https://www.pentechplumbingmechanical.com/,+1-613-804-2544,"15, Fitzgerald Road, Ottawa, K2H 9G1","Missed calls, quote intake, dispatch status, job photos, invoice follow-up, and maintenance reminders are practical AI/workflow automation entry points.",Missed-call/quote intake and dispatch workflow with follow-up reminders and job-photo/admin capture.,OpenStreetMap / Overpass API public email business tags,node,7547587489,sent,2026-06-25,19efeaf6415adb69,19efe9cb4409df0c,draft_review_passed; sent_via_gmail; included_website_and_cal_link
Environmental Plumbing,Canada,Ottawa,Plumbing contractor,ottawaplumber@environmentalplumbing.ca,https://environmentalplumbing.ca/downtown-ottawa/,+1 613-254-7727,"610, Somerset Street West, Ottawa, ON, K1R 5K4","Missed calls, quote intake, dispatch status, job photos, invoice follow-up, and maintenance reminders are practical AI/workflow automation entry points.",Missed-call/quote intake and dispatch workflow with follow-up reminders and job-photo/admin capture.,OpenStreetMap / Overpass API public email business tags,node,11415646751,sent,2026-06-25,19efeaf72f466844,19efe9cded5f5653,draft_review_passed; sent_via_gmail; included_website_and_cal_link
Fast Plumber,Canada,Ottawa,Plumbing contractor,info@fastplumber.ca,https://fastplumber.ca/ottawa/,+1-613-627-0973,"116, Albert Street, Ottawa, Ontario, K1P 5G3","Missed calls, quote intake, dispatch status, job photos, invoice follow-up, and maintenance reminders are practical AI/workflow automation entry points.",Missed-call/quote intake and dispatch workflow with follow-up reminders and job-photo/admin capture.,OpenStreetMap / Overpass API public email business tags,node,12419769353,sent,2026-06-25,19efeaf804b1c753,19efe9d02e53d060,draft_review_passed; sent_via_gmail; included_website_and_cal_link
Francis Home Environment Heating and Air Conditioning,Canada,Ottawa,HVAC contractor,info@francishome.ca,https://www.francishome.ca/,+1 613-723-4700,"38, Antares Drive, Ottawa, Ontario, K2E 7V2","Seasonal demand, service scheduling, quote follow-up, maintenance reminders, warranty/admin forms, and technician handoffs create measurable automation opportunities.","Seasonal lead intake, maintenance reminder, quote follow-up, and technician handoff automation.",OpenStreetMap / Overpass API public email business tags,node,13322037180,sent,2026-06-25,19efeaf8e6a3865c,19efe9d1c409bad6,draft_review_passed; sent_via_gmail; included_website_and_cal_link
Anchor Home Comfort,Canada,Ottawa,HVAC contractor,info@anchorhomecomfort.com,https://www.anchorhomecomfort.com/,+1-613-704-4180,"1181, Parisien St., Ottawa, Ontario, K1B 4W4","Seasonal demand, service scheduling, quote follow-up, maintenance reminders, warranty/admin forms, and technician handoffs create measurable automation opportunities.","Seasonal lead intake, maintenance reminder, quote follow-up, and technician handoff automation.",OpenStreetMap / Overpass API public email business tags,node,13449262918,sent,2026-06-25,19efeaf9e6085128,19efe9d35937debb,draft_review_passed; sent_via_gmail; included_website_and_cal_link
MT Ventilation,Canada,Ottawa,HVAC contractor,info@mtventilation.ca,https://mtventilation.ca,+1 819-669-4235,"854, Boulevard Maloney Est, Gatineau","Seasonal demand, service scheduling, quote follow-up, maintenance reminders, warranty/admin forms, and technician handoffs create measurable automation opportunities.","Seasonal lead intake, maintenance reminder, quote follow-up, and technician handoff automation.",OpenStreetMap / Overpass API public email business tags,way,308485196,sent,2026-06-26,19f054652d06dc4c,19f054652d06dc4c,replacement_sent_via_gmail; previous_email=ventmt@yahoo.ca; previous_bounce=mailbox_full; draft_review_passed; included_website_and_cal_link
Longhill Energy Products,Canada,Ottawa,HVAC contractor,solutions@longhill.ca,https://longhill.ca/,+1 613-226-3856,"124, Reis Road, Carp, Ontario, K0A 1L0","Seasonal demand, service scheduling, quote follow-up, maintenance reminders, warranty/admin forms, and technician handoffs create measurable automation opportunities.","Seasonal lead intake, maintenance reminder, quote follow-up, and technician handoff automation.",OpenStreetMap / Overpass API public email business tags,way,557485612,sent,2026-06-26,19f0539b3594811a,19f0532637e627b7,draft_review_passed; sent_via_gmail; included_website_and_cal_link
Mako Carpentry,Canada,Ottawa,Carpentry / finish contractor,info@makocarpentry.com,https://www.makocarpentry.com/,+1 343-204-7474,"389, Hepatica Way, Ottawa, ON, K4A 0Z1","Quote requests, scope clarification, vendor/material tracking, job-photo documentation, and client follow-up are often spreadsheet/email-driven.","Quote request triage, scope clarification, material/vendor follow-up, and client update workflow.",OpenStreetMap / Overpass API public email business tags,node,10576126799,bounced,2026-06-26,19f0539ccac68d75,19f0532876688350,bounced; remote_server_misconfigured_relay_access_denied; draft_review_passed; sent_via_gmail; included_website_and_cal_link
Panel Upgrade Experts,Canada,Calgary,Electrical contractor,admin@panelupgradeexperts.com,https://panelupgradeexperts.com/,+1 403-774-7460,"4838, Richard Road SW, Calgary, Alberta, T3E 6L1","Estimating, bid packages, RFIs/addenda, service-call intake, job photos, quote follow-up, and dispatch handoffs are repetitive but high-stakes.","Bid/spec review and service-call intake workflow: RFIs, exclusions, addenda, quote follow-up, and job-status tracking.",OpenStreetMap / Overpass API public email business tags,node,13112052875,sent,2026-06-25,19f00ab2a8a119fc,19f00a8c3994d38b,factual_review_passed; sent_via_gmail; included_website_and_cal_link
Movin' Air Heating & Air Conditioning Ltd.,Canada,Calgary,HVAC contractor,info@movinair.com,http://www.movinair.com/,+1-403-225-6082,"6323, 35 Street SE, Calgary, T2C 1N1","Seasonal demand, service scheduling, quote follow-up, maintenance reminders, warranty/admin forms, and technician handoffs create measurable automation opportunities.","Seasonal lead intake, maintenance reminder, quote follow-up, and technician handoff automation.",OpenStreetMap / Overpass API public email business tags,way,290090014,bounced,2026-06-26,19f0539e020affa2,19f0532b2d28bb44,bounced; domain_null_mx_does_not_receive_email; draft_review_passed; sent_via_gmail; included_website_and_cal_link
Central Roofing (Calgary) Ltd.,Canada,Calgary,Roofing contractor,crcalg@telus.net,https://www.centralroofingcalgary.org/,+1 403-287-1333,"4007, Ogden Road SE, Calgary, T2G 4N6","Lead intake, inspection photos, estimate follow-up, insurance paperwork, crew scheduling, and bid/package review are manual and deadline-sensitive.","Inspection-photo, estimate follow-up, insurance-document, and crew scheduling automation; optional bid/package review.",OpenStreetMap / Overpass API public email business tags,way,433292550,sent,2026-06-25,19f00ab392728bf8,19f00a8d7a5d6760,factual_review_passed; sent_via_gmail; included_website_and_cal_link
YYC Cabinets,Canada,Calgary,Carpentry / finish contractor,info@yyccabinets.ca,https://yyccabinets.ca/,+1 587-841-5243,"666, Goddard Avenue NE, Calgary, T2K 5X3","Quote requests, scope clarification, vendor/material tracking, job-photo documentation, and client follow-up are often spreadsheet/email-driven.","Quote request triage, scope clarification, material/vendor follow-up, and client update workflow.",OpenStreetMap / Overpass API public email business tags,node,13474431452,sent,2026-06-26,19f0539f433bf286,19f0532d8e46f71a,draft_review_passed; sent_via_gmail; included_website_and_cal_link
A Burst of Colour Inc.,Canada,Calgary,Painting contractor,info@aburstofcolour.ca,https://aburstofcolour.ca,+1 403-702-3470,"64, Brookpark Mews SW, Calgary, AB, T2W 2P3","Estimate follow-up, job scheduling, client reminders, color/spec notes, and invoice follow-up are straightforward small-business automations.","Estimate follow-up, scheduling, client reminder, and invoice follow-up workflow.",OpenStreetMap / Overpass API public email business tags,node,12071402011,sent,2026-06-26,19f053a166bf45e7,19f0533010ba3f1f,draft_review_passed; sent_via_gmail; included_website_and_cal_link
Professional Gardener Co.,Canada,Calgary,Landscaping contractor,progar.veno@gmail.com,https://www.profgard.com/,+1 780-910-8402,"915, 23 Avenue SE, Calgary, T2G 1P1","Recurring maintenance schedules, quote follow-up, route/crew coordination, seasonal reminders, and customer messages are likely under-systematized.","Recurring service schedule, quote follow-up, crew route/status, and seasonal reminder workflow.",OpenStreetMap / Overpass API public email business tags,way,727296323,sent,2026-06-26,19f053a2c59687e3,19f0533276b42f2e,draft_review_passed; sent_via_gmail; included_website_and_cal_link
Jayson Global Roofing,Canada,Edmonton,Roofing contractor,info@jaysonglobal.com,https://www.jaysonglobal.com,+1-780-438-0331,"8925, 62 Avenue NW, Edmonton, T6E 6G4","Lead intake, inspection photos, estimate follow-up, insurance paperwork, crew scheduling, and bid/package review are manual and deadline-sensitive.","Inspection-photo, estimate follow-up, insurance-document, and crew scheduling automation; optional bid/package review.",OpenStreetMap / Overpass API public email business tags,node,7363525037,sent,2026-06-25,19f00ab48dd55990,19f00a8ecbc0fe89,factual_review_passed; sent_via_gmail; included_website_and_cal_link
ProAmp Electric Ltd.,Canada,Vancouver,Electrical contractor,info@proampelectric.ca,https://proampelectric.ca/,+1-604-460-6683,"2231, Hartley Avenue, Coquitlam, V3K 6W9","Estimating, bid packages, RFIs/addenda, service-call intake, job photos, quote follow-up, and dispatch handoffs are repetitive but high-stakes.","Bid/spec review and service-call intake workflow: RFIs, exclusions, addenda, quote follow-up, and job-status tracking.",OpenStreetMap / Overpass API public email business tags,node,5578933664,sent,2026-06-25,19f00ab59abc36ff,19f00a8fefbb119c,factual_review_passed; sent_via_gmail; included_website_and_cal_link
Best Built-In Centre,Canada,Vancouver,Electrical contractor,customerservice@bestbuiltin.ca,https://www.bestsecurity.ca/,+1-604-324-7777,"1743, Boundary Road, Vancouver","Estimating, bid packages, RFIs/addenda, service-call intake, job photos, quote follow-up, and dispatch handoffs are repetitive but high-stakes.","Bid/spec review and service-call intake workflow: RFIs, exclusions, addenda, quote follow-up, and job-status tracking.",OpenStreetMap / Overpass API public email business tags,node,8501572973,sent,2026-06-26,19f053a48718fe2a,19f05334c6adc449,draft_review_passed; sent_via_gmail; included_website_and_cal_link
Harbourview Electric,Canada,Vancouver,Electrical contractor,mail@harbourviewelectric.com,https://www.harbourviewelectric.com/,+1-604-430-4777,"5707, Sidley Street, Vancouver","Estimating, bid packages, RFIs/addenda, service-call intake, job photos, quote follow-up, and dispatch handoffs are repetitive but high-stakes.","Bid/spec review and service-call intake workflow: RFIs, exclusions, addenda, quote follow-up, and job-status tracking.",OpenStreetMap / Overpass API public email business tags,node,8858068487,sent,2026-06-26,19f053a68d9d5ac3,19f05336ffa6c277,draft_review_passed; sent_via_gmail; included_website_and_cal_link
Universal Plumbing and Heating,Canada,Vancouver,Plumbing contractor,sales@universalheating.ca,https://www.universalheating.ca/,+1-604-876-1199,"3586, Commercial Street, Vancouver, V5N 4E9","Missed calls, quote intake, dispatch status, job photos, invoice follow-up, and maintenance reminders are practical AI/workflow automation entry points.",Missed-call/quote intake and dispatch workflow with follow-up reminders and job-photo/admin capture.,OpenStreetMap / Overpass API public email business tags,node,5207271819,bounced,2026-06-23,19ef5b1c61034ae9,19ef5a11e24da27f,bounced; no_such_user; sent_via_gmail; included_website_and_cal_link
Via Plumbing and Heating,Canada,Vancouver,Plumbing contractor,info@viaplumbing.com,https://viaplumbing.com/,+1-604-336-5889,"5489, Byrne Road, Vancouver","Missed calls, quote intake, dispatch status, job photos, invoice follow-up, and maintenance reminders are practical AI/workflow automation entry points.",Missed-call/quote intake and dispatch workflow with follow-up reminders and job-photo/admin capture.,OpenStreetMap / Overpass API public email business tags,node,8726761964,sent,2026-06-25,19f00ab655f7fa18,19f00a91585069b3,factual_review_passed; sent_via_gmail; included_website_and_cal_link
"Milani Plumbing, Heating & Air Conditioning",Canada,Vancouver,Plumbing contractor,customerservice@milani.ca,https://www.milani.ca/locations/burnaby-bc/,+1-604-888-8888,"5526, Kingsway, Vancouver","Missed calls, quote intake, dispatch status, job photos, invoice follow-up, and maintenance reminders are practical AI/workflow automation entry points.",Missed-call/quote intake and dispatch workflow with follow-up reminders and job-photo/admin capture.,OpenStreetMap / Overpass API public email business tags,node,8868960079,sent,2026-06-23,19ef5b1e5e8b7e45,19ef5a2ab6cf0e1e,factual_review_passed; sent_via_gmail; included_website_and_cal_link
Your Guy Drainage,Canada,Vancouver,Plumbing contractor,yourguyplumbing@gmail.com,https://yourguydrainage.ca/,+1 604-200-0162,"1963, Cape Horn Avenue, Coquitlam, BC, V3K 1J2","Missed calls, quote intake, dispatch status, job photos, invoice follow-up, and maintenance reminders are practical AI/workflow automation entry points.",Missed-call/quote intake and dispatch workflow with follow-up reminders and job-photo/admin capture.,OpenStreetMap / Overpass API public email business tags,node,9702656456,sent,2026-06-26,19f053a807dec2fa,19f05339161d9900,draft_review_passed; sent_via_gmail; included_website_and_cal_link
"J.R. Swanson Plumbing, Heating & Cooling",US,Buffalo,Plumbing contractor,jswanson@jrswanson.com,https://www.jrswanson.com/,+1-716-283-3802,"413, 103rd Street, Niagara Falls, NY, 14304","Missed calls, quote intake, dispatch status, job photos, invoice follow-up, and maintenance reminders are practical AI/workflow automation entry points.",Missed-call/quote intake and dispatch workflow with follow-up reminders and job-photo/admin capture.,OpenStreetMap / Overpass API public email business tags,node,12525805354,sent,2026-06-25,19f00ab707728cc3,19f00a9282198302,factual_review_passed; sent_via_gmail; included_website_and_cal_link
Buffalo Temp-Pros,US,Buffalo,HVAC contractor,behan911@gmail.com,,+1-716-807-1989,"7303, Townline Road, North Tonawanda, NY, 14120","Seasonal demand, service scheduling, quote follow-up, maintenance reminders, warranty/admin forms, and technician handoffs create measurable automation opportunities.","Seasonal lead intake, maintenance reminder, quote follow-up, and technician handoff automation.",OpenStreetMap / Overpass API public email business tags,node,13430507378,sent,2026-06-26,19f053a9633d18e6,19f0533c1a139883,listing_only_factual_claim; draft_review_passed; sent_via_gmail; included_website_and_cal_link
Armor Heating,US,Buffalo,HVAC contractor,info@armorheating.com,https://www.armorheating.com/,+1-716-824-4209,"3697, Abbott Road, Orchard Park, NY, 14127","Seasonal demand, service scheduling, quote follow-up, maintenance reminders, warranty/admin forms, and technician handoffs create measurable automation opportunities.","Seasonal lead intake, maintenance reminder, quote follow-up, and technician handoff automation.",OpenStreetMap / Overpass API public email business tags,way,1245924674,sent,2026-06-26,19f053ab26219674,19f0533e29636341,draft_review_passed; sent_via_gmail; included_website_and_cal_link
Buffalo Roofing,US,Buffalo,Roofing contractor,gm@buffaloroofing.com,https://www.buffaloroofing.com/,+1-716-444-7663,"5565, Transit Road, Williamsville, NY, 14221","Lead intake, inspection photos, estimate follow-up, insurance paperwork, crew scheduling, and bid/package review are manual and deadline-sensitive.","Inspection-photo, estimate follow-up, insurance-document, and crew scheduling automation; optional bid/package review.",OpenStreetMap / Overpass API public email business tags,node,6731795003,sent,2026-06-25,19f00ab7d181473b,19f00a93ddcd155a,factual_review_passed; sent_via_gmail; included_website_and_cal_link
Felgemacher Roofing & Siding,US,Buffalo,Roofing contractor,info@roofingfrs.com,https://www.roofingfrs.com,+1-716-422-4415,"300, International Drive, Williamsville, NY, 14221","Lead intake, inspection photos, estimate follow-up, insurance paperwork, crew scheduling, and bid/package review are manual and deadline-sensitive.","Inspection-photo, estimate follow-up, insurance-document, and crew scheduling automation; optional bid/package review.",OpenStreetMap / Overpass API public email business tags,node,12989735699,sent,2026-06-25,19f00ab89d8f0b40,19f00a95454a8edf,factual_review_passed; sent_via_gmail; included_website_and_cal_link
Big Buffalo House Painting,US,Buffalo,Painting contractor,bigbuffalofrank@yahoo.com,https://bigbuffalopainting.com/,+1-716-219-8220,"196, Seneca Street, Buffalo, NY, 14204","Estimate follow-up, job scheduling, client reminders, color/spec notes, and invoice follow-up are straightforward small-business automations.","Estimate follow-up, scheduling, client reminder, and invoice follow-up workflow.",OpenStreetMap / Overpass API public email business tags,node,6031245112,bounced,2026-06-26,19f053ac783dbc0e,19f05340ad9b8ccc,bounced; mailbox_not_found; draft_review_passed; sent_via_gmail; included_website_and_cal_link
Queen City Painting & Wash,US,Buffalo,Painting contractor,info@paintqueencity.com,https://www.paintqueencity.com/,+1-716-338-4628,"4680, Boncrest Dr E, Buffalo, NY, 14221","Estimate follow-up, job scheduling, client reminders, color/spec notes, and invoice follow-up are straightforward small-business automations.","Estimate follow-up, scheduling, client reminder, and invoice follow-up workflow.",OpenStreetMap / Overpass API public email business tags,node,13472856456,sent,2026-06-26,19f053ae9f627235,19f05342bc7918b4,draft_review_passed; sent_via_gmail; included_website_and_cal_link
"Wichman Landscape Construction, LLC",US,Pittsburgh,Landscaping contractor,info@wichmanlandscapes.com,https://wichmanlandscapes.com/,+1-412-760-8524,"107, Buehner Drive, Pittsburgh, PA, 15237","Recurring maintenance schedules, quote follow-up, route/crew coordination, seasonal reminders, and customer messages are likely under-systematized.","Recurring service schedule, quote follow-up, crew route/status, and seasonal reminder workflow.",OpenStreetMap / Overpass API public email business tags,node,12617690796,sent,2026-06-26,19f053b00ca59247,19f0534528718b6b,draft_review_passed; sent_via_gmail; included_website_and_cal_link
AllPhase Roofing & Restoration,US,Cleveland,Roofing contractor,service@allphaserestore.com,https://allphaserestore.com/,+1-216-600-0184,"5285, Commerce Parkway West, Cleveland, OH, 44130","Lead intake, inspection photos, estimate follow-up, insurance paperwork, crew scheduling, and bid/package review are manual and deadline-sensitive.","Inspection-photo, estimate follow-up, insurance-document, and crew scheduling automation; optional bid/package review.",OpenStreetMap / Overpass API public email business tags,node,12090189279,sent,2026-06-23,19ef5b21ea9db396,19ef5a32f0384d9c,factual_review_passed; sent_via_gmail; included_website_and_cal_link
Ramirez Electric,US,Detroit,Electrical contractor,ramirezelectric@att.net,,+1-734-282-5823,"1318, Ford Avenue, Wyandotte, MI, 48192","Estimating, bid packages, RFIs/addenda, service-call intake, job photos, quote follow-up, and dispatch handoffs are repetitive but high-stakes.","Bid/spec review and service-call intake workflow: RFIs, exclusions, addenda, quote follow-up, and job-status tracking.",OpenStreetMap / Overpass API public email business tags,node,6379708110,bounced,2026-06-26,19f053b21d9e71ee,19f053477c2d23c7,bounced; mailbox_not_found; listing_only_factual_claim; draft_review_passed; sent_via_gmail; included_website_and_cal_link
The Dearborn Plumbers,US,Detroit,Plumbing contractor,info@plumberdearbornmi.info,http://www.plumberdearbornmi.info,+1 313 334-3509,"4917, Schaefer Road, Dearborn Michigan, 48126","Missed calls, quote intake, dispatch status, job photos, invoice follow-up, and maintenance reminders are practical AI/workflow automation entry points.",Missed-call/quote intake and dispatch workflow with follow-up reminders and job-photo/admin capture.,OpenStreetMap / Overpass API public email business tags,node,9544158953,bounced,2026-06-26,19f053b3b6e7e788,19f05349be49bd8d,bounced; domain_not_found; draft_review_passed; sent_via_gmail; included_website_and_cal_link
"Winslow Heating & Cooling, LLC",US,Detroit,HVAC contractor,office@callwinslow.com,https://www.winslowheatingandcooling.com/,+1-313-388-3722,"3912, Fort Street, Lincoln Park, MI, 48146","Seasonal demand, service scheduling, quote follow-up, maintenance reminders, warranty/admin forms, and technician handoffs create measurable automation opportunities.","Seasonal lead intake, maintenance reminder, quote follow-up, and technician handoff automation.",OpenStreetMap / Overpass API public email business tags,node,10805608241,sent,2026-06-23,19ef5b21029ecca3,19ef5a3134c7fa37,factual_review_passed; sent_via_gmail; included_website_and_cal_link
Tresnak Construction,US,Detroit,Roofing contractor,info@tresnakroofing.com,https://www.tresnakconstruction.com/,+1 248-435-4848,"1620, Northwood Boulevard, Royal Oak, MI, 48073","Lead intake, inspection photos, estimate follow-up, insurance paperwork, crew scheduling, and bid/package review are manual and deadline-sensitive.","Inspection-photo, estimate follow-up, insurance-document, and crew scheduling automation; optional bid/package review.",OpenStreetMap / Overpass API public email business tags,node,11307383592,sent,2026-06-25,19f00ab982a27ad3,19f00a967d957340,factual_review_passed; sent_via_gmail; included_website_and_cal_link
Roof One,US,Detroit,Roofing contractor,info@roofone.com,https://www.roofonemichigan.com/service-areas/ferndale/,+1-248-291-3912,"1315, Academy Street, Ferndale, MI, 48220","Lead intake, inspection photos, estimate follow-up, insurance paperwork, crew scheduling, and bid/package review are manual and deadline-sensitive.","Inspection-photo, estimate follow-up, insurance-document, and crew scheduling automation; optional bid/package review.",OpenStreetMap / Overpass API public email business tags,node,13794947741,sent,2026-06-26,19f053b6258ff44a,19f0534be98a87d7,draft_review_passed; sent_via_gmail; included_website_and_cal_link
Kevin's All Season,US,Detroit,Landscaping contractor,kevin4allseason@att.net,https://kevinsallseasons.com/,+1-313-294-4545,"2795, Fort Street South, Detroit, MI, 48217","Recurring maintenance schedules, quote follow-up, route/crew coordination, seasonal reminders, and customer messages are likely under-systematized.","Recurring service schedule, quote follow-up, crew route/status, and seasonal reminder workflow.",OpenStreetMap / Overpass API public email business tags,way,445125586,sent,2026-06-26,19f0546572ffd74b,19f0546572ffd74b,replacement_sent_via_gmail; previous_email=kevinw@kevinsallseason.biz; previous_bounce=domain_not_found; draft_review_passed; included_website_and_cal_link
MaxForce Roofing and Siding LLC,US,Columbus,Roofing contractor,office@maxforceroofing.com,https://www.maxforceroofing.com/,+1-614-467-8910,"2762, Sawbury Boulevard, Columbus, OH, 43235","Lead intake, inspection photos, estimate follow-up, insurance paperwork, crew scheduling, and bid/package review are manual and deadline-sensitive.","Inspection-photo, estimate follow-up, insurance-document, and crew scheduling automation; optional bid/package review.",OpenStreetMap / Overpass API public email business tags,node,11827757097,sent,2026-06-23,19ef5b23e64a5ea3,19ef5a39c521c56f,factual_review_passed; sent_via_gmail; included_website_and_cal_link
Hilliard Roofing and Siding,US,Columbus,Roofing contractor,info@hilliardroof.com,https://hilliardroof.com/,+1-614-448-5621,"3544, Main Street, Hilliard, OH, 43026","Lead intake, inspection photos, estimate follow-up, insurance paperwork, crew scheduling, and bid/package review are manual and deadline-sensitive.","Inspection-photo, estimate follow-up, insurance-document, and crew scheduling automation; optional bid/package review.",OpenStreetMap / Overpass API public email business tags,node,13049559092,sent,2026-06-26,19f053b9a263d7c6,19f05351eb06b444,draft_review_passed; sent_via_gmail; included_website_and_cal_link
Bone Dry Roofing,US,Columbus,Roofing contractor,info@bonedry.com,https://bonedry.com/columbus/?bdr_campaign=BDR-DIG-DIR-ROOF-OH-PHO-DIRECTORY-202510-COLUMBUSEXTERNALDIRECTORY,+1-614-721-8473,"6500, Shier Rings Rd, Dublin, OH, 43016","Lead intake, inspection photos, estimate follow-up, insurance paperwork, crew scheduling, and bid/package review are manual and deadline-sensitive.","Inspection-photo, estimate follow-up, insurance-document, and crew scheduling automation; optional bid/package review.",OpenStreetMap / Overpass API public email business tags,node,13645362037,drafted,2026-06-27,19f0972360022d6b,19f0972360022d6b,drafted_via_gmail; gmail_draft_id=r-582376379904596435; email_verification=domain_mx_ok; included_website_and_cal_link
American Axeworx,US,Columbus,Carpentry / finish contractor,sales@americanaxeworx.com,https://americanaxeworx.com/,+1-614-515-3268,"81, Mill Street, Gahanna, OH, 43230","Quote requests, scope clarification, vendor/material tracking, job-photo documentation, and client follow-up are often spreadsheet/email-driven.","Quote request triage, scope clarification, material/vendor follow-up, and client update workflow.",OpenStreetMap / Overpass API public email business tags,node,12946014022,drafted,2026-06-27,19f09723869fe156,19f09723869fe156,drafted_via_gmail; gmail_draft_id=r7292109724345703755; email_verification=domain_mx_ok; included_website_and_cal_link
Prim Painting,US,Columbus,Painting contractor,estimates@primpainting.com,https://primpainting.com,+1-614-686-7746,"875, Gray Street, Columbus, OH, 43201","Estimate follow-up, job scheduling, client reminders, color/spec notes, and invoice follow-up are straightforward small-business automations.","Estimate follow-up, scheduling, client reminder, and invoice follow-up workflow.",OpenStreetMap / Overpass API public email business tags,node,12615311114,drafted,2026-06-27,19f09723d93e9f9a,19f09723d93e9f9a,drafted_via_gmail; gmail_draft_id=r7785464477435313269; email_verification=official_site_replacement; previous_email=prim@primpainting.com; included_website_and_cal_link
Joseph Tree Service,US,Columbus,Landscaping contractor,estimates@josephtreeservice.com,https://josephtreeservice.com/,+1-614-313-8138,"7210, Harlem Road, Westerville, OH, 43082","Recurring maintenance schedules, quote follow-up, route/crew coordination, seasonal reminders, and customer messages are likely under-systematized.","Recurring service schedule, quote follow-up, crew route/status, and seasonal reminder workflow.",OpenStreetMap / Overpass API public email business tags,node,11257731655,drafted,2026-06-27,19f09723ff3d4b07,19f09723ff3d4b07,drafted_via_gmail; gmail_draft_id=r-624678824672358841; email_verification=domain_mx_ok; included_website_and_cal_link
Ciminello's Landscape Design,US,Columbus,Landscaping contractor,ciminellos@ciminellos.com,,+1-614-885-3779,"567, Lazelle Road, Westerville, OH, 43081-9595","Recurring maintenance schedules, quote follow-up, route/crew coordination, seasonal reminders, and customer messages are likely under-systematized.","Recurring service schedule, quote follow-up, crew route/status, and seasonal reminder workflow.",OpenStreetMap / Overpass API public email business tags,way,557559851,drafted,2026-06-27,19f097242d6b725d,19f097242d6b725d,drafted_via_gmail; gmail_draft_id=r515421364397903359; email_verification=domain_mx_ok; included_website_and_cal_link
Altstadt Hoffman Plumbing Services,US,Indianapolis,Plumbing contractor,service@altstadtplumbing.com,https://www.altstadtplumbing.com/,+1-317-463-1169; +1-877-425-9389,"5781, Thunderbird Road, Indianapolis, IN, 46236","Missed calls, quote intake, dispatch status, job photos, invoice follow-up, and maintenance reminders are practical AI/workflow automation entry points.",Missed-call/quote intake and dispatch workflow with follow-up reminders and job-photo/admin capture.,OpenStreetMap / Overpass API public email business tags,node,13310847567,sent,2026-06-25,19f00aba4f152d4d,19f00a97d4b66b6e,factual_review_passed; sent_via_gmail; included_website_and_cal_link
M&J Roofing And Exteriors,US,Indianapolis,Roofing contractor,roofingindianahomes@gmail.com,https://roofingindianahomes.com/,+1-317-886-1416,"6825, Madison Avenue, Indianapolis, IN, 46227","Lead intake, inspection photos, estimate follow-up, insurance paperwork, crew scheduling, and bid/package review are manual and deadline-sensitive.","Inspection-photo, estimate follow-up, insurance-document, and crew scheduling automation; optional bid/package review.",OpenStreetMap / Overpass API public email business tags,node,5727326745,not_contacted,,,,not_drafted; email_verification_mismatch; listed_website_redirected_to_different_roofing_business; manual_review_required
"Eco Plumbers, Electricians, and HVAC Technicians",US,Cincinnati,Plumbing contractor,service@geteco.com,https://geteco.com/cincinnati-oh/,+1-513-342-8502,"9114, Cincinnati Columbus Rd, West Chester, OH, 45069","Missed calls, quote intake, dispatch status, job photos, invoice follow-up, and maintenance reminders are practical AI/workflow automation entry points.",Missed-call/quote intake and dispatch workflow with follow-up reminders and job-photo/admin capture.,OpenStreetMap / Overpass API public email business tags,node,13361116496,drafted,2026-06-27,19f097244fb7fc88,19f097244fb7fc88,drafted_via_gmail; gmail_draft_id=r256452890966318161; email_verification=official_site_replacement; previous_email=GrowNearby@geteco.com; included_website_and_cal_link
All Claims Repairs Ohio,US,Cincinnati,HVAC contractor,info@allclaimsrepairs.com,https://www.allclaimsrepairs.com/,+1-513-874-3995,"4475, Muhlhauser Road, West Chester Township, OH, 45011","Seasonal demand, service scheduling, quote follow-up, maintenance reminders, warranty/admin forms, and technician handoffs create measurable automation opportunities.","Seasonal lead intake, maintenance reminder, quote follow-up, and technician handoff automation.",OpenStreetMap / Overpass API public email business tags,node,8814376002,drafted,2026-06-27,19f097248e2d7b41,19f097248e2d7b41,drafted_via_gmail; gmail_draft_id=r4161939771379487359; email_verification=domain_mx_ok; included_website_and_cal_link
Fasto Roofing,US,Cincinnati,Roofing contractor,fastollc@gmail.com,https://www.fastoroofing.com/,+1 513-601-7306,"1233, Castle Drive, Mason, OH, 45040","Lead intake, inspection photos, estimate follow-up, insurance paperwork, crew scheduling, and bid/package review are manual and deadline-sensitive.","Inspection-photo, estimate follow-up, insurance-document, and crew scheduling automation; optional bid/package review.",OpenStreetMap / Overpass API public email business tags,node,12031883057,drafted,2026-06-27,19f09724a503bbe3,19f09724a503bbe3,drafted_via_gmail; gmail_draft_id=r3069494027300353372; email_verification=official_site_match; included_website_and_cal_link
Professional Painting Services and Sons,US,Cincinnati,Painting contractor,jerry@ppsandsons.com,https://ppsandsons.com/,+1-513-348-5043,"709, Mount Moriah Drive, Cincinnati, OH, 45245","Estimate follow-up, job scheduling, client reminders, color/spec notes, and invoice follow-up are straightforward small-business automations.","Estimate follow-up, scheduling, client reminder, and invoice follow-up workflow.",OpenStreetMap / Overpass API public email business tags,node,13851113809,drafted,2026-06-27,19f09724fc40b6d1,19f09724fc40b6d1,drafted_via_gmail; gmail_draft_id=r59581290304676061; email_verification=official_site_match; included_website_and_cal_link
Plant Cincinnati,US,Cincinnati,Landscaping contractor,info@plantcincinnati.com,https://plantcincinnati.com/,+1 513-610-5177,"7915, Euclid Avenue, Madeira, OH, 45243","Recurring maintenance schedules, quote follow-up, route/crew coordination, seasonal reminders, and customer messages are likely under-systematized.","Recurring service schedule, quote follow-up, crew route/status, and seasonal reminder workflow.",OpenStreetMap / Overpass API public email business tags,node,13580053880,drafted,2026-06-27,19f0972507478067,19f0972507478067,drafted_via_gmail; gmail_draft_id=r-2062697444262735136; email_verification=official_site_match; included_website_and_cal_link
Tepe Landscape & Design Group,US,Cincinnati,Landscaping contractor,info@tepeservices.com,https://tepeservices.com,+1-513-941-4500,"7021, Cleves Warsaw Pike, Cincinnati, OH, 45233","Recurring maintenance schedules, quote follow-up, route/crew coordination, seasonal reminders, and customer messages are likely under-systematized.","Recurring service schedule, quote follow-up, crew route/status, and seasonal reminder workflow.",OpenStreetMap / Overpass API public email business tags,way,91356398,drafted,2026-06-27,19f09730c13f7732,19f09730c13f7732,drafted_via_gmail; gmail_draft_id=r2292228554132811255; email_verification=domain_mx_ok; included_website_and_cal_link
SJ Electric LLC,US,Kansas City,Electrical contractor,steve@sjelectricllc.com,https://www.sjelectricllc.com/,+1-913-837-3549,Kansas City,"Estimating, bid packages, RFIs/addenda, service-call intake, job photos, quote follow-up, and dispatch handoffs are repetitive but high-stakes.","Bid/spec review and service-call intake workflow: RFIs, exclusions, addenda, quote follow-up, and job-status tracking.",OpenStreetMap / Overpass API public email business tags,node,8693472518,drafted,2026-06-27,19f09730fd95ee5c,19f09730fd95ee5c,drafted_via_gmail; gmail_draft_id=r5203016425660251893; email_verification=domain_mx_ok; included_website_and_cal_link
Good Roofing Company,US,Kansas City,Roofing contractor,goodroofingcompany@gmail.com,https://www.goodroofingcompany.com,+1-816-207-3993,"17, Northeast Skyline Drive, Lee’s Summit, MO, 64086","Lead intake, inspection photos, estimate follow-up, insurance paperwork, crew scheduling, and bid/package review are manual and deadline-sensitive.","Inspection-photo, estimate follow-up, insurance-document, and crew scheduling automation; optional bid/package review.",OpenStreetMap / Overpass API public email business tags,node,12006310479,drafted,2026-06-27,19f097312c930e6c,19f097312c930e6c,drafted_via_gmail; gmail_draft_id=r-820044292544849142; email_verification=official_site_match; included_website_and_cal_link
Shamrock Roofing and Construction,US,Kansas City,Roofing contractor,contact@shamrockroofer.com,https://shamrockroofer.com/,+1-913-850-6556,"7899, East Frontage Road, Overland Park, KS, 66204","Lead intake, inspection photos, estimate follow-up, insurance paperwork, crew scheduling, and bid/package review are manual and deadline-sensitive.","Inspection-photo, estimate follow-up, insurance-document, and crew scheduling automation; optional bid/package review.",OpenStreetMap / Overpass API public email business tags,node,12172809004,drafted,2026-06-27,19f09731486b3a42,19f09731486b3a42,drafted_via_gmail; gmail_draft_id=r6074732739166418613; email_verification=domain_mx_ok; included_website_and_cal_link
Ferguson Roofing,US,St Louis,Roofing contractor,connect@fergusonroofing.com,https://fergusonroofing.com/st-louis/,+1-314-521-6917;+1-618-212-1912,"5814, Garfield Ave., St. Louis, MO, 63134","Lead intake, inspection photos, estimate follow-up, insurance paperwork, crew scheduling, and bid/package review are manual and deadline-sensitive.","Inspection-photo, estimate follow-up, insurance-document, and crew scheduling automation; optional bid/package review.",OpenStreetMap / Overpass API public email business tags,way,1016306202,drafted,2026-06-27,19f09731641eec17,19f09731641eec17,drafted_via_gmail; gmail_draft_id=r-1590948191871706144; email_verification=domain_mx_ok; included_website_and_cal_link
Premium Cabinets,US,St Louis,Carpentry / finish contractor,johnm@premiumcabinets.com,https://premiumcabinets.com/st-louis/,+1 314-499-8800,"1645, Headland Drive, Fenton, 63026","Quote requests, scope clarification, vendor/material tracking, job-photo documentation, and client follow-up are often spreadsheet/email-driven.","Quote request triage, scope clarification, material/vendor follow-up, and client update workflow.",OpenStreetMap / Overpass API public email business tags,node,5159286983,drafted,2026-06-27,19f09731bd8ce36e,19f09731bd8ce36e,drafted_via_gmail; gmail_draft_id=r-6550881329134155746; email_verification=domain_mx_ok; included_website_and_cal_link
King's Painting & Home Repair,US,St Louis,Painting contractor,kingspainting.homerepair@gmail.com,https://flow.page/kingspainting.homerepair,+1 618 798 0935,"1306, 27th Street, Granite City, IL","Estimate follow-up, job scheduling, client reminders, color/spec notes, and invoice follow-up are straightforward small-business automations.","Estimate follow-up, scheduling, client reminder, and invoice follow-up workflow.",OpenStreetMap / Overpass API public email business tags,node,12631633633,drafted,2026-06-27,19f09731d3b41da0,19f09731d3b41da0,drafted_via_gmail; gmail_draft_id=r2058280423643804042; email_verification=official_site_match; included_website_and_cal_link
Excel Landscaping,US,St Louis,Landscaping contractor,joe@excellandscapingstl.com,https://excellandscapingstl.com/,+1-314-799-1018,"1020, Hudson Ave, Rock Hill, MO, 63119","Recurring maintenance schedules, quote follow-up, route/crew coordination, seasonal reminders, and customer messages are likely under-systematized.","Recurring service schedule, quote follow-up, crew route/status, and seasonal reminder workflow.",OpenStreetMap / Overpass API public email business tags,node,13921244966,drafted,2026-06-27,19f09732077e03a6,19f09732077e03a6,drafted_via_gmail; gmail_draft_id=r-6861380217309167036; email_verification=official_site_match; included_website_and_cal_link
Landscape St. Louis,US,St Louis,Landscaping contractor,dw@landscapestlouis.com,https://landscapestlouis.com/,+1-314-876-8064,"2601, McCausland Avenue, Saint Louis, MO, 63143","Recurring maintenance schedules, quote follow-up, route/crew coordination, seasonal reminders, and customer messages are likely under-systematized.","Recurring service schedule, quote follow-up, crew route/status, and seasonal reminder workflow.",OpenStreetMap / Overpass API public email business tags,way,1459874206,drafted,2026-06-27,19f0973231e6898d,19f0973231e6898d,drafted_via_gmail; gmail_draft_id=r5442857089814740360; email_verification=official_site_replacement; previous_email=info@landscapestlouis.com; included_website_and_cal_link
Gene Wagner Plumbing,US,Milwaukee,Plumbing contractor,scott@genewagnerplumbing.com,https://www.genewagnerplumbing.com/,+1-414 541-9217,"2017, South 60th Street, West Allis, WI, 53219","Missed calls, quote intake, dispatch status, job photos, invoice follow-up, and maintenance reminders are practical AI/workflow automation entry points.",Missed-call/quote intake and dispatch workflow with follow-up reminders and job-photo/admin capture.,OpenStreetMap / Overpass API public email business tags,node,11973957227,drafted,2026-06-27,19f0973277dc9e13,19f0973277dc9e13,drafted_via_gmail; gmail_draft_id=r-8707484770068283762; email_verification=domain_mx_ok; included_website_and_cal_link
E & R Heating and Cooling,US,Milwaukee,HVAC contractor,eandrheatingandcoolingwi@gmail.com,https://www.eandrheatingandcooling.com/,+1-414-202-5001,"8561, South Ventana Drive, Oak Creek, WI, 53154","Seasonal demand, service scheduling, quote follow-up, maintenance reminders, warranty/admin forms, and technician handoffs create measurable automation opportunities.","Seasonal lead intake, maintenance reminder, quote follow-up, and technician handoff automation.",OpenStreetMap / Overpass API public email business tags,node,10846007525,drafted,2026-06-27,19f0973d35b3b376,19f0973d35b3b376,drafted_via_gmail; gmail_draft_id=r3971089881721006565; email_verification=official_site_replacement; previous_email=rkubenik@yahoo.com; included_website_and_cal_link
Atlas Heating & Sheet Metal,US,Milwaukee,HVAC contractor,atlasheatingmike@gmail.com,https://atlas-works.com/,+1 414-688-2618,"1414, West Fond du Lac Avenue, Milwaukee, WI, 53205","Seasonal demand, service scheduling, quote follow-up, maintenance reminders, warranty/admin forms, and technician handoffs create measurable automation opportunities.","Seasonal lead intake, maintenance reminder, quote follow-up, and technician handoff automation.",OpenStreetMap / Overpass API public email business tags,node,12232109529,drafted,2026-06-27,19f0973d60f1729e,19f0973d60f1729e,drafted_via_gmail; gmail_draft_id=r-3600910587481966201; email_verification=domain_mx_ok; included_website_and_cal_link
"Third Coast HVAC, AC & Furnace Repair",US,Milwaukee,HVAC contractor,info@thirdcoast-hvac.com,https://thirdcoast-hvac.com,+1-262-264-8626,"120, Bishops Way, Brookfield, WI, 53005","Seasonal demand, service scheduling, quote follow-up, maintenance reminders, warranty/admin forms, and technician handoffs create measurable automation opportunities.","Seasonal lead intake, maintenance reminder, quote follow-up, and technician handoff automation.",OpenStreetMap / Overpass API public email business tags,node,12995756636,drafted,2026-06-27,19f0973d84831d7f,19f0973d84831d7f,drafted_via_gmail; gmail_draft_id=r-995916653072693696; email_verification=official_site_match; included_website_and_cal_link
Affordable Heating & Air Conditioning,US,Milwaukee,HVAC contractor,info@affordablehtg.com,https://www.affordablehtg.com/,+1-414-481-2727,"4630, South Kinnickinnic Avenue, Cudahy, WI, 53110","Seasonal demand, service scheduling, quote follow-up, maintenance reminders, warranty/admin forms, and technician handoffs create measurable automation opportunities.","Seasonal lead intake, maintenance reminder, quote follow-up, and technician handoff automation.",OpenStreetMap / Overpass API public email business tags,way,663979862,sent,2026-06-23,19ef5b2348874a84,19ef5a378add4e20,factual_review_passed; sent_via_gmail; included_website_and_cal_link
J.M. Brennan Incorporated,US,Milwaukee,HVAC contractor,mattb@jmbrennan.com,https://jmbrennan.com/,+1 414 342 3829,"2101, West Saint Paul Avenue, Milwaukee, WI, 53233","Seasonal demand, service scheduling, quote follow-up, maintenance reminders, warranty/admin forms, and technician handoffs create measurable automation opportunities.","Seasonal lead intake, maintenance reminder, quote follow-up, and technician handoff automation.",OpenStreetMap / Overpass API public email business tags,way,725229989,drafted,2026-06-27,19f0973dd3815f96,19f0973dd3815f96,drafted_via_gmail; gmail_draft_id=r-4026735958291593168; email_verification=official_site_match; included_website_and_cal_link
Community Roofing & Restoration,US,Milwaukee,Roofing contractor,amber@communityroofing.com,https://www.communityroofingandrestoration.com/,+1 414-332-1139,"1776, North Water Street, Milwaukee, WI, 53202","Lead intake, inspection photos, estimate follow-up, insurance paperwork, crew scheduling, and bid/package review are manual and deadline-sensitive.","Inspection-photo, estimate follow-up, insurance-document, and crew scheduling automation; optional bid/package review.",OpenStreetMap / Overpass API public email business tags,node,9840810567,drafted,2026-06-27,19f0973e0e879076,19f0973e0e879076,drafted_via_gmail; gmail_draft_id=r6384005914057140508; email_verification=official_site_match; included_website_and_cal_link
WeatherPro Exteriors,US,Milwaukee,Roofing contractor,info@weatherproexteriors.com,https://www.weatherproexteriors.com,+1-414-543-0929; +1-888-398-7767,"12200, West Adler Lane, West Allis, WI, 53214","Lead intake, inspection photos, estimate follow-up, insurance paperwork, crew scheduling, and bid/package review are manual and deadline-sensitive.","Inspection-photo, estimate follow-up, insurance-document, and crew scheduling automation; optional bid/package review.",OpenStreetMap / Overpass API public email business tags,node,13313429462,sent,2026-06-23,19ef5b22972f9cdb,19ef5a354144bc08,factual_review_passed; sent_via_gmail; included_website_and_cal_link
Horizon Exteriors,US,Milwaukee,Roofing contractor,horizonexteriorsmke@gmail.com,https://horizonexteriorswi.com/,+1-414-369-0555,"500, West Silver Spring Drive, Glendale, WI, 53217","Lead intake, inspection photos, estimate follow-up, insurance paperwork, crew scheduling, and bid/package review are manual and deadline-sensitive.","Inspection-photo, estimate follow-up, insurance-document, and crew scheduling automation; optional bid/package review.",OpenStreetMap / Overpass API public email business tags,node,13377702122,drafted,2026-06-27,19f0973e3a98730e,19f0973e3a98730e,drafted_via_gmail; gmail_draft_id=r-7489265395894058813; email_verification=domain_mx_ok; included_website_and_cal_link
Sustar Woodworks,US,Milwaukee,Carpentry / finish contractor,info@sustarwoodworks.com,https://www.sustarwoodworks.com/,+1 414 881 5301,"720,728, East Nash Street, Milwaukee, WI, 53212","Quote requests, scope clarification, vendor/material tracking, job-photo documentation, and client follow-up are often spreadsheet/email-driven.","Quote request triage, scope clarification, material/vendor follow-up, and client update workflow.",OpenStreetMap / Overpass API public email business tags,way,660738934,drafted,2026-06-27,19f0973e6586eefe,19f0973e6586eefe,drafted_via_gmail; gmail_draft_id=r2619718451023580631; email_verification=official_site_match; included_website_and_cal_link
Thomas A. Mason Co.,US,Milwaukee,Painting contractor,tamco@tamason.com,http://www.tamason.com,+1 414 271 6688,"1501, North Doctor Martin Luther King Junior Drive, Milwaukee, 53212","Estimate follow-up, job scheduling, client reminders, color/spec notes, and invoice follow-up are straightforward small-business automations.","Estimate follow-up, scheduling, client reminder, and invoice follow-up workflow.",OpenStreetMap / Overpass API public email business tags,way,419815898,drafted,2026-06-27,19f0973e957ea4f9,19f0973e957ea4f9,drafted_via_gmail; gmail_draft_id=r5637694732530043609; email_verification=domain_mx_ok; included_website_and_cal_link
David J. Frank Landscape Contracting,US,Milwaukee,Landscaping contractor,mail@davidjfrank.com,http://www.davidjfrank.com/index.php?milwaukee-5,+1 262 255 4888,"1417, North Vel R. Phillips Avenue, Milwaukee, 53212","Recurring maintenance schedules, quote follow-up, route/crew coordination, seasonal reminders, and customer messages are likely under-systematized.","Recurring service schedule, quote follow-up, crew route/status, and seasonal reminder workflow.",OpenStreetMap / Overpass API public email business tags,node,11476564248,drafted,2026-06-27,19f0973ec548639d,19f0973ec548639d,drafted_via_gmail; gmail_draft_id=r6352464650949403106; email_verification=domain_mx_ok; included_website_and_cal_link
