priority,intent_type,source,posted_age,prospect,title,url,business_context,explicit_ask,why_fit,recommended_action,first_angle
A,explicit freelance role,Reddit r/AiAutomations,3d,u/sccrwoohoo,Looking for a Unicorn - AI Content Developer Who Can Actually Write,https://www.reddit.com/r/AiAutomations/comments/1uh0ffp/looking_for_a_unicorn_ai_content_developer_who/,Operator building an AI ghostwriting system for multiple subject matter experts across industries.,Freelance role requiring both writing samples and AI systems/workflows already built.,"Strong fit for paid AI content workflow consulting, persona systems, human review loops, and repeatable publishing operations.","DM with paid-project framing and links; public comment should be short and specific, no links.",Lead with having built review-first AI publishing/workflow systems and ask whether they want implementation help rather than another writer.
A,workflow help request,Reddit r/CRM,18h screenshot / current subreddit listing,u/360gamer101,Build a Custom CRM for a Tennis Centre,https://www.reddit.com/r/CRM/,"Tennis and pickleball centre in Australia with weekly lesson bookings, invoicing, casual court hire, functions, SMS/email, and player portal needs.",Wants direction designing a custom CRM because existing sports/gym tools do not fit their weekly program structure.,"Clear operations-system need involving bookings, invoices, messages, customer portal, and likely integrations.",Public reply with architecture guidance; DM with paid discovery call and website/cal.com links.,"Recommend mapping the operating model first, then choosing build vs configured stack around bookings, billing, messaging, and member portal."
A,workflow help request,Reddit r/CRM,1d,u/MaxDmitrie,We generate a high volume of leads each month. Recommend an SMS tool that can automatically respond to them for us,https://www.reddit.com/r/CRM/comments/1u8xlnq/we_generate_a_high_volume_of_leads_each_month/,Business generating high monthly lead volume; manual SMS follow-up is not scaling and reply handling is the bottleneck.,Looking for SMS automation recommendations from people who have solved this.,"Direct match for lead intake, qualification, auto-reply guardrails, CRM state changes, and human handoff workflow.",Public reply first with process design questions; DM only if they respond or ask for implementation help.,"Separate send automation from reply handling, opt-outs, qualification, ownership, and stop conditions."
A,workflow help request,Reddit r/CRM,1d,u/justcheckingin38,CRM for donor management to complement Tessitura/Ticketmaster,https://www.reddit.com/r/CRM/comments/1u7nucs/crm_for_donor_management_to_complement/,"Mid-size/large performing arts nonprofit with 9-person development team, Tessitura/Ticketmaster, Excel reporting, manual tax receipts and membership benefits.","Looking for a CRM layer, mainly reporting and relationship management, while keeping Tessitura and Ticketmaster.","High-value operations workflow with data integration, reporting, automation, and usability pain for a team.",Public reply with integration-layer framing; DM only if they want paid implementation scoping.,"Position as a reporting/benefits automation layer around existing ticketing, not a replacement CRM pitch."
A,workflow help request,Reddit r/CRM,1d,u/Delicious-Anybody742,"CRM for a consultancy business, managing clients and jobs. (5-10 employees)",https://www.reddit.com/r/CRM/comments/1u4jy1k/crm_for_a_consultancy_business_managing_clients/,"Small consultancy needs sales pipeline, quoting, follow-up, job/task allocation, calendar, work pipeline, client portal updates, Xero compatibility.",Needs guidance on system(s) to improve process efficiency while staying simple for tech-resistant users.,Excellent fit for a practical CRM/workflow design sprint and lightweight implementation plan.,Public reply with minimal-stack recommendation and process map; DM if they want a paid workflow map.,"Lead with separating sales pipeline, delivery workflow, client portal, and finance handoff before picking tools."
A,workflow help request,Reddit r/AiAutomations,3d,u/Holiday-Occasion4189,Looking for a tool to automate job hunting and proposals for a small agency,https://www.reddit.com/r/AiAutomations/comments/1tz9hao/looking_for_a_tool_to_automate_job_hunting_and/,Five-person agency misses job-search and proposal opportunities because client work and project management take priority.,"Asking for tools, automations, or workflows to manage job searching, proposal sending, and lead generation.","Direct match for lead monitoring, proposal drafting, task ownership, and review-first automation.",Public reply with a simple operating model; DM if they indicate implementation budget.,"Frame the system as opportunity capture -> qualification -> draft proposal -> owner/review -> follow-up, not one magic tool."
B,workflow help request,Reddit r/CRM,10h,u/ke1brown,"CRM for Non-Profit Arts - Theater, Concert, Galleries, Members, Etc.",https://www.reddit.com/r/CRM/comments/1u9ef85/crm_for_nonprofit_arts_theater_concert_galleries/,Medium-sized arts nonprofit evaluating CRM/event/ticketing/donor workflows after Spektrix and Neon limitations.,"Searching for a system covering donors, sponsorships, memberships, retail, ticketing, gift cards, email campaigns, and volunteers.","Good consultative opportunity, but likely needs vendor selection and requirements mapping before automation build.",Public reply only at first; ask budget/current stack questions and suggest requirements matrix.,"Clarify whether ticketing is source of truth, then map donor/membership/reporting workflows around it."
B,workflow help request,Reddit r/CRM,19h,u/Hot-Entrepreneur731,Looking for a Simple Texting/VM Drop System,https://www.reddit.com/r/CRM/comments/1u7knlu/looking_for_a_simple_textingvm_drop_system/,Prospects added in an autodialer need text/voicemail campaigns through Zapier.,Looking for simple auto texting/voicemail drop solution recommendations.,Narrow but concrete automation workflow; compliance and opt-out handling matter.,Public reply with caution around consent/stop states; do not hard-sell.,"Start with trigger, normalization, consent, opt-out, reply detection, and campaign stop rules."
B,workflow help request,Reddit r/CRM,3d,u/Straight-Maybe6320,People context for in CRM,https://www.reddit.com/r/CRM/comments/1u3bzl3/people_context_for_in_crm/,"Media agency wants unified client/person context from email, meetings, WhatsApp, LinkedIn, CRM, and Claude/MCP.",Asking for a tool that connects all relationship context into an understanding of a person.,"Strong strategic fit for an AI context layer, identity resolution, timeline, and CRM enrichment prototype.",Public reply with architecture guidance; DM only if they ask for build help.,"Describe a context layer beside the CRM with identity resolution, source-of-truth rules, and per-contact timelines."
C,older explicit consult ask,Reddit r/CRM,8mo,unknown OP,Need someone to consult the CRM for a top-up SaaS business,https://www.reddit.com/r/CRM/comments/1oi0n1u/need_someone_to_consult_the_crm_for_a_topup_saas/,"SMB SaaS/platform with internal activity data in Metabase/Sheets, marketing exports, messy lead files, and CS across Facebook/Telegram/WhatsApp.",Looking for CRM recommendations and explicitly says need someone to consult the CRM.,"Ideal problem type but stale. Use as a search-pattern example, not immediate outreach priority.",Do not outreach unless thread becomes active; add similar queries to scanner.,Data model and source-of-truth map before CRM selection.
